first_name,last_name,phone,gender
Cassy,Linwood,+52 (756) 488-1071,Genderqueer
Riki,Kirkham,+48 (358) 476-9914,Female
Ferdinande,Aizikovitz,+62 (461) 381-1630,Polygender
Laurella,O'Roan,+971 (689) 490-3237,Female
Hazel,Umbert,+86 (312) 133-6880,Polygender
Anna-maria,Esterbrook,+1 (808) 934-6108,Agender
Bernie,Capozzi,+62 (970) 574-9233,Bigender
Babb,Dash,+48 (747) 317-7107,Genderqueer
Craggie,Ricciardo,+62 (356) 402-1665,Bigender
Barnaby,Matieu,+86 (929) 404-0114,Non-binary
Ariel,Dimbylow,+216 (798) 254-9072,Female
Pamella,Tackes,+86 (488) 846-1482,Bigender
Alfreda,Middlemass,+351 (423) 832-6281,Bigender
Darcy,Vala,+86 (966) 613-2411,Genderqueer
Candy,Candelin,+371 (994) 200-9118,Female
Kitty,Hathaway,+86 (289) 560-6627,Non-binary
Bastian,Verdey,+63 (232) 629-4855,Agender
Carlynn,Hellyer,+63 (862) 201-3755,Agender
Lane,Braybrooks,+249 (377) 246-1103,Male
Aundrea,Gyppes,+62 (991) 135-1010,Bigender
Lyon,Sizland,+52 (825) 393-6668,Female
Riccardo,Ingledow,+86 (678) 899-8752,Polygender
Evin,Farguhar,+48 (797) 833-3010,Female
Ignaz,Taunton,+82 (450) 956-9392,Female
Bria,Van Leeuwen,+420 (404) 178-7191,Bigender
Candis,Rabat,+86 (885) 680-8838,Genderqueer
Richard,Shera,+382 (132) 285-0026,Male
Ryley,MacAiline,+591 (803) 465-3091,Male
Anissa,Kingsnod,+593 (568) 845-5059,Genderfluid
Rennie,Colum,+92 (737) 670-5498,Bigender
Christye,Ferencz,+7 (279) 936-2882,Genderqueer
Juliane,Peschka,+86 (690) 342-3226,Bigender
Aggy,Berggren,+33 (616) 615-8248,Polygender
Alverta,Palfrey,+30 (636) 397-1114,Polygender
Granthem,Lowmass,+86 (658) 369-3954,Polygender
Mikol,Bravery,+33 (408) 535-8004,Genderfluid
Norean,Solomonides,+86 (859) 200-9453,Genderfluid
Krystal,Antoniades,+62 (491) 678-9965,Non-binary
Lillis,Martello,+48 (505) 269-8397,Polygender
Hurleigh,Oldnall,+98 (689) 940-8454,Bigender
Cross,Buttrick,+86 (756) 537-1218,Female
Minta,Norledge,+86 (582) 323-1008,Polygender
Sally,Glasser,+62 (737) 594-9852,Genderqueer
Robers,Geyton,+7 (938) 568-6034,Polygender
Stepha,Godard,+62 (289) 106-7305,Male
Tiler,Menham,+27 (319) 923-9484,Polygender
Adiana,Clemenceau,+52 (977) 371-1717,Bigender
Alfie,Akester,+595 (759) 769-3309,Male
Carey,Buckner,+234 (908) 143-8826,Bigender
Wendi,Messom,+86 (563) 355-9291,Agender
Florry,Paskins,+51 (348) 983-0536,Polygender
Gerta,Finicj,+48 (317) 302-2479,Male
Hugibert,Drewitt,+86 (578) 844-2600,Genderqueer
Bertie,Ratcliff,+963 (119) 482-9813,Polygender
Farrell,Gulliver,+62 (490) 197-6939,Male
Leila,Willingham,+420 (965) 121-6758,Genderfluid
Luce,Varvara,+86 (514) 374-7538,Genderfluid
Arnaldo,Cowley,+86 (838) 214-0542,Non-binary
Rozamond,Jay,+86 (820) 190-7381,Agender
Delmar,Winkless,+86 (680) 371-2134,Bigender
Godfree,Chipping,+86 (873) 570-7096,Genderfluid
Viviana,Kahn,+98 (685) 848-8360,Agender
Grete,Becks,+389 (237) 448-5005,Non-binary
Isadora,Cadigan,+386 (420) 853-7509,Genderqueer
Conny,Vaen,+234 (917) 191-7209,Polygender
Abbey,Dowson,+351 (384) 704-5897,Female
Cacilie,Pimley,+63 (364) 303-1411,Non-binary
Ediva,Kittle,+66 (218) 636-9865,Genderfluid
Ardyth,Ipplett,+263 (473) 501-0238,Bigender
Chevalier,McCaghan,+54 (351) 999-2276,Female
Keeley,Holdworth,+351 (219) 700-0595,Agender
Colman,Krishtopaittis,+51 (812) 696-6251,Male
Gilbertina,Theaker,+51 (422) 546-5246,Genderfluid
Angeli,Aubry,+256 (943) 875-0004,Genderfluid
Clifford,Heaviside,+81 (101) 933-7005,Polygender
Astrix,Jenik,+86 (157) 259-9613,Genderqueer
Lynda,Stedall,+52 (138) 490-2304,Genderfluid
Edy,Learoyd,+234 (167) 531-9249,Genderfluid
Camilla,Coope,+1 (561) 809-2548,Bigender
Cesaro,Seabrocke,+27 (509) 632-5421,Polygender
Floria,Dow,+84 (795) 669-4657,Agender
Titus,Gorring,+1 (135) 992-7876,Female
Lise,Khoter,+62 (262) 139-6976,Female
Lorant,Roblou,+507 (563) 926-3153,Bigender
Maddie,Gianninotti,+886 (492) 520-4398,Female
Bailey,Franies,+880 (872) 749-0586,Non-binary
Israel,Mathely,+81 (575) 979-3168,Genderfluid
Goldy,Shitliffe,+62 (620) 593-3058,Agender
Ceil,Randell,+62 (656) 799-9303,Genderqueer
Ronica,Cardoso,+1 (304) 409-6159,Genderqueer
Ingrid,Huntingdon,+33 (572) 208-1259,Female
Michell,Adlington,+1 (402) 586-2967,Female
Devy,Grimsdell,+353 (504) 564-4275,Non-binary
Maddy,Hambling,+62 (105) 109-0873,Bigender
Gay,Clausewitz,+63 (746) 882-3934,Bigender
Idalia,Destouche,+972 (662) 766-2018,Genderqueer
Ash,Caroline,+86 (222) 267-8369,Female
Ashli,Agass,+55 (250) 100-6588,Genderfluid
Nicky,Kenshole,+380 (474) 903-6746,Agender
Karalynn,Williment,+7 (869) 799-9824,Bigender
